Symbol,Open,High,Low,LTP,Change,Pct_Change,Volume_Lacs,Turnover_Crs,High_52w,Low_52w,Return_365d,Return_30d,Sector,Range_52w,Position_in_52w_Range,Intraday_Range_Pct,Momentum_Score,High_Volume_Flag
ADANIPORTS,750.0,766.0,713.25,715.0,-47.45,-6.22,72.2,532.63,901.0,384.4,79.22,-4.65,Logistics,516.6,64.0,7.4,45.67,1
ASIANPAINT,3101.0,3167.35,3091.0,3138.0,-6.25,-0.2,10.29,322.53,3505.0,2117.15,45.66,5.66,Consumer,1387.85,73.56,2.47,29.66,0
AXISBANK,669.0,674.9,660.45,661.0,-18.9,-2.78,102.53,684.0,866.9,568.4,10.19,-21.49,Banking,298.5,31.02,2.19,-2.48,1
BAJAJ-AUTO,3370.0,3383.5,3320.0,3335.0,-56.7,-1.67,3.42,114.59,4361.4,3041.0,9.3,-12.05,Auto,1320.3999999999996,22.27,1.91,0.76,0
BAJAJFINSV,17200.0,17237.2,16610.0,16684.0,-684.85,-3.94,3.42,576.79,19325.0,8273.7,91.38,-9.1,NBFC,11051.3,76.1,3.78,51.19,0
BAJFINANCE,7021.0,7047.9,6775.0,6780.0,-345.8,-4.85,16.89,1161.63,8050.0,4362.0,44.57,-13.69,NBFC,3688.0,65.56,4.03,21.27,0
BHARTIARTL,763.0,763.0,733.1,735.85,-29.3,-3.83,111.43,830.06,781.8,454.11,58.55,5.7,Telecom,327.68999999999994,85.98,4.08,37.41,1
BPCL,397.15,397.2,375.0,377.4,-22.7,-5.67,100.23,383.54,503.0,357.0,-1.22,-12.45,Energy,146.0,13.97,5.92,-5.71,1
BRITANNIA,3560.0,3635.1,3533.95,3566.6,-6.8,-0.19,3.73,133.23,4153.0,3317.3,0.3,-3.42,FMCG,835.6999999999998,29.83,2.86,-1.19,0
CIPLA,892.0,976.05,890.65,965.0,65.05,7.23,144.59,1380.9,1005.0,726.5,31.89,6.34,Pharma,278.5,85.64,9.59,21.67,1
COALINDIA,157.75,159.4,155.35,155.9,-2.65,-1.67,118.3,185.5,203.8,123.25,25.78,-10.94,Energy,80.55000000000001,40.53,2.61,11.09,1
DIVISLAB,4770.0,5077.7,4756.75,4940.0,140.2,2.92,15.71,775.37,5425.1,3153.3,42.39,-1.57,Pharma,2271.8,78.65,6.75,24.81,0
DRREDDY,4580.0,4820.0,4576.15,4750.0,158.4,3.45,10.72,508.97,5614.6,4135.0,-1.17,1.8,Pharma,1479.6000000000004,41.57,5.33,0.02,0
EICHERMOT,2495.0,2506.1,2421.5,2440.75,-79.65,-3.16,5.55,136.56,3037.0,2303.7,-5.95,-5.77,Auto,733.3000000000002,18.69,3.49,-5.88,0
GRASIM,1757.3,1757.85,1679.0,1685.8,-80.95,-4.58,7.48,127.84,1893.0,840.05,99.95,-3.08,Cement,1052.95,80.32,4.7,58.74,0
HCLTECH,1120.0,1126.0,1103.3,1111.65,-13.15,-1.17,22.07,246.06,1377.75,814.35,34.79,-4.73,IT,563.4,52.77,2.06,18.98,0
HDFC,2820.35,2856.0,2723.0,2745.0,-122.75,-4.28,33.53,927.88,3021.1,2179.3,25.27,-5.72,Banking,841.7999999999997,67.2,4.88,12.87,1
HDFCBANK,1500.0,1506.7,1485.0,1489.5,-36.45,-2.39,93.12,1394.1,1725.0,1342.0,6.18,-9.88,Banking,383.0,38.51,1.46,-0.24,1
HDFCLIFE,685.0,689.0,667.1,669.75,-19.05,-2.77,22.37,151.4,775.65,617.4,0.7,-2.94,Insurance,158.25,33.08,3.28,-0.76,0
HEROMOTOCO,2580.0,2589.7,2505.15,2526.8,-67.9,-2.62,6.85,174.04,3629.05,2505.15,-16.02,-6.43,Auto,1123.9,1.93,3.38,-12.18,0
HINDALCO,441.8,442.7,414.7,417.7,-29.35,-6.57,148.26,631.93,551.85,220.35,86.93,-14.06,Metals,331.5,59.53,6.75,46.53,1
HINDUNILVR,2344.0,2365.0,2325.2,2340.9,-8.15,-0.35,24.51,572.85,2859.3,2120.0,9.6,-3.94,FMCG,739.3000000000002,29.88,1.71,4.18,0
ICICIBANK,739.0,742.05,718.6,720.45,-30.6,-4.07,189.88,1385.86,867.0,465.8,52.41,-13.14,Banking,401.2,63.47,3.26,26.19,1
INDUSINDBK,951.0,956.95,898.0,899.95,-59.35,-6.19,67.46,622.74,1242.0,789.0,5.25,-22.08,Banking,453.0,24.49,6.56,-5.68,1
INFY,1702.55,1718.35,1684.0,1689.55,-32.85,-1.91,44.94,764.67,1848.0,1091.0,51.44,-0.83,IT,757.0,79.07,2.04,30.53,1
IOC,125.6,125.6,120.5,121.15,-4.5,-3.58,77.25,94.57,141.5,84.0,41.28,-7.87,Energy,57.5,64.61,4.23,21.62,1
ITC,228.9,230.05,223.1,223.6,-7.7,-3.33,270.27,610.54,265.3,192.4,15.35,-5.53,FMCG,72.9,42.8,3.12,7.0,1
JSWSTEEL,668.25,672.55,624.25,630.0,-50.9,-7.48,89.22,574.61,776.5,336.0,86.25,-9.27,Metals,440.5,66.74,7.74,48.04,1
KOTAKBANK,2002.0,2007.0,1955.1,1960.0,-75.1,-3.69,26.48,522.52,2253.0,1626.0,5.24,-11.35,Banking,627.0,53.27,2.65,-1.4,0
LT,1820.0,1841.75,1768.6,1781.0,-68.9,-3.72,27.97,502.81,1981.75,1092.0,59.59,-0.85,Infrastructure,889.75,77.44,4.14,35.41,0
M&M,885.0,885.0,843.0,855.05,-36.15,-4.06,39.34,338.08,979.0,660.25,18.77,-4.42,Auto,318.75,61.11,4.98,9.49,1
MARUTI,7520.0,7520.0,7130.0,7150.0,-422.5,-5.58,11.55,840.81,8368.0,6400.0,1.34,-2.02,Auto,1968.0,38.11,5.47,-0.0,0
NESTLEIND,19148.85,19434.1,18982.5,19250.0,71.95,0.38,0.56,108.61,20609.15,16002.1,9.87,0.17,FMCG,4607.050000000001,70.5,2.38,5.99,0
NTPC,133.2,134.05,128.0,128.65,-6.55,-4.84,133.24,173.94,152.1,88.15,36.93,-10.16,Energy,63.94999999999999,63.33,4.73,18.09,1
ONGC,152.25,152.25,146.25,147.75,-7.35,-4.74,231.36,344.33,172.75,77.05,82.86,-9.41,Energy,95.7,73.88,4.1,45.95,1
POWERGRID,204.05,204.95,200.8,202.5,-1.75,-0.86,96.11,195.09,209.95,136.88,3.69,6.36,Energy,73.07,89.8,2.07,4.76,1
RELIANCE,2467.8,2477.6,2401.5,2405.1,-87.85,-3.52,72.75,1770.19,2751.35,1830.0,23.48,-9.62,Conglomerate,921.3499999999999,62.42,3.17,10.24,1
SBILIFE,1154.0,1154.0,1105.25,1130.85,-28.65,-2.47,23.16,262.43,1273.9,825.2,33.19,-3.52,Insurance,448.70000000000005,68.12,4.41,18.51,0
SBIN,486.25,487.9,467.1,470.0,-20.55,-4.19,263.06,1249.55,542.3,240.15,93.42,-8.3,Banking,302.15,76.07,4.45,52.73,1
SHREECEM,26450.0,26539.9,25812.0,25900.0,-770.5,-2.89,0.3,76.94,32048.0,22531.0,9.29,-6.76,Cement,9517.0,35.4,2.82,2.87,0
SUNPHARMA,775.0,798.9,762.0,767.25,-15.65,-2.0,54.33,424.05,851.0,502.3,51.57,-5.69,Pharma,348.7,75.98,4.84,28.67,1
TATACONSUM,800.2,805.0,763.15,769.9,-37.9,-4.69,26.17,203.32,889.0,505.05,49.55,-4.82,FMCG,383.95,68.98,5.48,27.8,0
TATAMOTORS,486.0,486.75,458.0,459.4,-33.35,-6.77,517.88,2430.36,536.7,156.7,167.95,-9.68,Auto,380.00000000000006,79.66,6.28,96.9,1
TATASTEEL,1157.9,1159.5,1106.25,1110.25,-63.4,-5.4,106.46,1200.79,1534.5,539.5,105.13,-17.37,Metals,995.0,57.36,4.81,56.13,1
TCS,3425.0,3490.0,3411.9,3439.2,-6.7,-0.19,19.41,670.58,3989.9,2624.45,27.32,-1.25,IT,1365.4500000000003,59.67,2.29,15.89,0
TECHM,1544.0,1550.0,1510.15,1519.0,-40.35,-2.59,15.22,232.97,1630.0,846.7,76.17,-2.83,IT,783.3,85.83,2.64,44.57,0
TITAN,2377.8,2385.1,2285.05,2293.0,-104.8,-4.37,12.89,298.54,2677.9,1300.35,75.45,-6.59,Consumer,1377.5500000000002,72.06,4.38,42.63,0
ULTRACEMCO,7550.0,7599.0,7370.1,7398.45,-210.35,-2.76,2.66,198.32,8269.0,4770.0,53.5,1.78,Cement,3499.0,75.12,3.11,32.81,0
UPL,726.0,726.0,701.0,703.5,-23.8,-3.27,24.82,176.35,864.7,414.15,68.06,-1.37,Chemicals,450.55000000000007,64.22,3.57,40.29,0
WIPRO,632.0,634.4,619.65,621.3,-15.4,-2.42,41.39,259.37,739.85,346.25,77.51,-7.01,IT,393.6,69.88,2.38,43.7,1
